Risk Register,,,,,,,,,,,,,,,,,,,,,,,,,,,,,,,,
DV_BT: ST FRAME - Carve-Out BT-ST without Fire,,,,,,,,,,,,,,,,,,,,,,,,,,,,,,,,
"Please enter all header fields on tab 'Summary'
",,,,,,,,,,,Contingency Reserve:,,,0 T€,,,,,,,,,,,,,,,,,,
BD Project Manager:,,,,,,Thomas Büttner / Dietmar Walter,,,,,,,,,,,,,,,,,,,,,,,,,,
BD/ BT Project Manager:,,,,,,Susanne Klement / Eva Andritschky / Frank Streichert,,,,,,,,,,,,,,,,,,,,Dashboard Statistics,,,,,,
Quality Manager:,,,,,,0,,,,,,,,,,,,,,,,,,,,1,0,0,0,0,,
,,,,,,,,,,,,,,,,,,,,,,,,,,,,,,,,
Moderator:,,,,,,0,,,,,,,,,,,,,,,,,,,,,,,,,,
,,,,,,,,,,Risk Assessment,,,,,,,,,,,,,,,,,,,,,,
,,,,,,,,,,,,,,,,,,,,,,,,,,,,,,,,
"Nb
","Sub-
project
optional","Entered by
optional","Entry Date
of initial risk",Type,Priority,"Risk category
as per definition under 'How To'","Risk/Opportunity
Concrete, understandable description","Effects
corresponds with Impact [I]","Root Cause
leading to or generating this risk",Probability  ,Impact  ,Risk Rating,"Initial Rating
",Cost Impact in T-EUR,EMV,Response strategy,"Actions
preventive and counter measures or actions to enhance likelyhood","Responsible 
Risk action owner
(next step)","Deadline 
For Risk Action","Status
of action",Remarks / Notes,"Link to external risk tracking tool (OPL)
Only if external tracker is used.",Source,_TODAY,_OVERDUE_DAYS,DUE_STATUS,RISK_COUNT,>60,>30,<30,OVERDUE,EFFECTIVENESS
1,Overall,,30/11/2023,Project,minor,ScR = Schedule,Business Key User are not available / not fully contracted,Project Delay,several,2,3,6,,,,Mitigate,"* Detailed Workpackage Planning, early regular alignment with respective line manager
* Detailed Test-Plan for Business involvment until 02.07.2024
","WP Owners, Sub-WS Leads",5/7/2024,Completed,10.10.2024 under control according to IT WS leads (except 3),,entered until 9/9/24,25/2/2026,600,Overdue,0,0,0,0,0,
2,Overall,,30/11/2023,Project,minor,ScR = Schedule,Overbooking / unavailability of key resources within the IT Workstream,Postponement of planned tasks and project delays,"parallel projects, scarecety of critical skills",4,3,12,,,,Mitigate,"* commitments from Accountable Managers
* early escalation of resource conflicts
* Check for additional ressources internal/external to resolve conflicts
* BigRoom planning esthablished to gain transprancy and reduce ressource confilcts
* Clear expectation for SWISs where to address potential gaps -> IT JF on thursday or direct","WP Owners, Sub-WS Leads",Permanent,Completed,"10.10.2024 under control according to IT WS leads (except 3)
'- for WS 2, 4b, 8 under control
- still valid: WS 3 
- known open issues like SWS2 BD Lead
- further measures required as overbooking of key ressources will enhance until closing
- Topic for risk wall WS IT WS 10./11.07.
",,entered until 9/9/24,25/2/2026,#VALUE!,#VALUE!,0,0,0,0,0,
3,Overall,,30/11/2023,Project,minor,ScR = Schedule,time schedule - of project is ambitious => even small deviation will have impacts for complete Project,Project Delay,"fixed closing date, and approach for enganging required work and ressources as late as possible.",3,3,9,,,,Mitigate,"Holiday Planning for all project actors
Systematic nomination of deputies",WP Owners,Permanent,Completed,24.09.2024: Completed as New timeline announced in Sept. 2024,,entered until 9/9/24,25/2/2026,#VALUE!,#VALUE!,0,0,0,0,0,
4,Overall,,30/11/2023,Project,minor,SR = Scope,Late Changes or scope not fully known and fixed,substantial rework with impacts on timeline and costs for implementation,uniditified requirements or changing priorities of stakeholders lead to changes in carve-out concept,3,3,9,,,,Mitigate,"* Priority on scoping and as is analysis
* prepare and communicate limitations of possible changes
* identify and communicate ""points of no return"" -> collection will be nessary in dedcated workshop",WS IT leads,Permanent,Completed,09.10.2024: Scope is clear and under control ,,entered until 9/9/24,25/2/2026,#VALUE!,#VALUE!,0,0,0,0,0,
5,Overall,,30/11/2023,Project,minor,ScR = Schedule,Dependencies to other IT -projects,"potential impacts on resource availabilty, on solution availability, on service / support availability","parallel projects, relying on same experts and capacity or leading to a change of solutions",3,3,9,,,,Mitigate,"* early identification of external dependencies
* central monitoring of identified dependencies","WP Owners, Sub-WS Leads",1/6/2024,Completed,Big Room Planning Meeting set up to reduce risk and to have a clear focus to FRAME,,entered until 9/9/24,25/2/2026,634,Overdue,0,0,0,0,0,
6,Overall,,30/11/2023,Project,minor,RR = Resource,Lack of existing capacity in IT-Team,Lacking capacities for analysis of applications to be transferred and setup of the new organisation & processes,not enough ressources to support the carve-out activities additionaly to the daily business,3,3,9,,,,Avoid,"* Hiring of additional employees
* Hiring of temporary employees
* External contracting 
","WP Owners, Sub-WS Leads",1/6/2024,Completed,-> Process Established,,entered until 9/9/24,25/2/2026,634,Overdue,0,0,0,0,0,
7,Overall,,12/12/2023,Project,minor,SR = Scope,Widely distributed IT across many locations with potential heterogenous distribution paths,,As-is Go to market strategy of FRAME,3,2,6,,,,Mitigate,"* Onboard local IT experts as soon as reasonable
* Site visits on a reguale basis by WS Leads & SWS Leads","WP Owners, Sub-WS Leads",1/10/2024,Completed,23.09.24: replaced by more detailed risks 44-47,,entered until 9/9/24,25/2/2026,512,Overdue,0,0,0,0,0,
8,Sub-WS7 License and Contract Mgmt,,12/12/2023,Business,minor,LR = Legality,Legal consequences of violation or non-compliance with license conditions,Legal consequences of violation or non-compliance with license conditions,,,,,,,,Mitigate,,SWS 7,,Completed,"Adressed to SWS 7 
* After consultation with SWS 7, the point currently poses no risk",,entered until 9/9/24,25/2/2026,,,0,0,0,0,0,
9,Overall,,13/12/2023,Business,minor,BtR = Budget,Initial planned FRAME project costs higher,,"Scope not 100% clear, additional resources required",3,2,6,,,,Mitigate,,WS IT leads,Permanent,Completed,17.10.24: budget is under control ,,entered until 9/9/24,25/2/2026,#VALUE!,#VALUE!,0,0,0,0,0,
10,Overall,,13/12/2023,Business,minor,BtR = Budget,"Synergies with FIR, Integrator Business not usable any more (for e.g. IE Portal)",,,4,1,4,,,,Accept,-> To be adressed for RemainCo Impact is higher for Integrator Business / FS,WS IT leads,,Completed,"Input for BUILD and RemainCo Risk Mgmt, but relevant for FRAME Project Risk Log.",,entered until 9/9/24,25/2/2026,,,0,0,0,0,0,
11,Overall,,13/12/2023,Project,minor,SR = Scope,Scope currently not 100% clear and fixed,,,2,4,8,,,,Mitigate,,"WP Owners, Sub-WS Leads",,Completed,Reflected in #4,,entered until 9/9/24,25/2/2026,,,0,0,0,0,0,
12,Overall,,13/12/2023,Business,minor,ScR = Schedule,"Conflict of interests new Board of Mgmt NewCo, Senior Mgmt Level, Board of Mgmt RemainCo etc, Focus IT enabling Day 1 vs. improvement strategy NewCo",Potential delay in time,conflict of interests,2,4,8,,,,Mitigate,Give transparency and develop rfd for overall SteerCo.,"IT WS Leads, Sub-WS Leads",Permanent,Completed,Probability from 4 to 2 ->  confirmed ,,entered until 9/9/24,25/2/2026,#VALUE!,#VALUE!,0,0,0,0,0,
13,Overall,,13/12/2023,Project,minor,SR = Scope,Dependencies to other overall FRAME Workstreams for e.g. legal entities,,,3,3,9,,,,Mitigate,,"IT WS Leads, Sub-WS Leads",Permanent,Completed,"10.10.2024: Replaced by entry 33 
'Mini Workshop to identify potential gaps from business ",,entered until 9/9/24,25/2/2026,#VALUE!,#VALUE!,0,0,0,0,0,
14,Overall,,13/12/2023,Project,minor,SR = Scope,Guiding principles not kept,,,2,3,6,,,,Avoid,Regular awareness within BT IT product teams to keep the guiding principles in line with Business product owner,"IT WS Leads, Sub-WS Leads",Permanent,Completed,,,entered until 9/9/24,25/2/2026,#VALUE!,#VALUE!,0,0,0,0,0,
15,Overall,,13/12/2023,Business,minor,RR = Resource,HR topic Staffing of future NewCo Tom still open,,,,,,,,,Mitigate,"For now on hold, to be observed",WS IT leads,,Completed,"Actually no FRAME risk, more a NewCo risk. To be closed here. High staffing gap -> below in other risk point",,entered until 9/9/24,25/2/2026,,,0,0,0,0,0,
16,,,29/04/2024,Project,minor,SR = Scope,R+D unable to name the scope that needs to be transferred,Not everything available at Day 1 for R&D,,1,5,5,,,,Mitigate,ITK contracted to support with R&D As-Is and To-Be Concept,SWS 4a,8/7/2024,Completed,"- Risk mitigated?`Or lower?
 - Check again on Deadline
- JF 04.07.2024  Probability from 4 to 1 -> Risk mitigeted with ITK",,entered until 9/9/24,25/2/2026,597,Overdue,0,0,0,0,0,
17,,Bettina Recha,29/04/2024,Project,major,SR = Scope,"ERP cannot meet timeline (testing, go live) due to missing LE Setup ","ERP doesn't go live on time (with 'BigBang') or some CSOs are excluded, i.e. additional manual business effort et al.","key details for several legal entities not available on deadline (tax reg., bank account)
",3,4,12,,,,Mitigate,"5.3.: Risk rating is downgraded as good progress in close alignment with business, stand up twice a week; Mexico remains as top issue, but being worked on   
27.2.25: only Mexico affected, Bettina checks latest status for next week; 22.01.2025:  Detailled time line for LE Entities will be created by Emre and Daniel 
11.12.2024: mile stone planning done, one pager with risks and consequences created, PrL informed, but no final decision taken before signing
28.11.24: LE topic still pending; overall milestone planning to be done incl timeline for IT implementation per country
16.10.24: Force decision from BV + Business regarding mitigation options: Exclude CSOs vs. Go Live postponement (as BigBang) ",SWS 2,31/3/2025,Completed,"22.10.2024: decision for export CSO has been taken by BT/SLX-ST 

",,entered until 9/9/24,25/2/2026,331,Overdue,0,0,0,0,0,
18,,,29/04/2024,Project,major,ScR = Schedule,Timeline dependencies are not being considered in Sub-WS & WS specific timelines,,Each Workstream and Sub-WS is defining their own critical path and timeline. Not all dependencies are being considered and known to others,2,5,10,,,,Mitigate,"* IT-WS: Reconciliation to synchronize timelines. This will be updated again and again.
* Overall project: KPMG could hold a workshop.
* Consolidated implemenation planing for all SWS & WS ","IT WS Leads, Sub-WS Leads, KPMG",12/7/2024,Completed,"'10.10.2024: Replaced by entry 33  
Probability from 3->2",,entered until 9/9/24,25/2/2026,593,Overdue,0,0,0,0,0,
19,,,29/04/2024,Project,minor,RR = Resource,Business does not have enough capacity for testing,"NewCo has to operate with insufficient backend systems, which can affect both business processes and compliance",,2,4,8,,,,Mitigate,"* Business already tried to relieve the burden with external support for their daily operational business.
* Transparent and timely communication.
* Regular exchange with business.
* More clarity for business thanks to prerequisites for business
* Close alignment with business started
* Business can define scope for testing. Result of data split has to be tested and to be defined in more detail","IT WS Leads, Sub-WS Leads",30/11/2024,Completed,"- under control: 2, 4b > Probability from 5->3
- WS 3: further observe
check with each WS whether still valid and assign appropriately
 - High business involvement required -> high risk that it cannot be covered 100%, in clarification and measures to be defined
- JF 04.07.2024  Probability from 4 to 5",,entered until 9/9/24,25/2/2026,452,Overdue,0,0,0,0,0,
21,,Bettina Recha,29/04/2024,Project,major,RR = Resource,Capacity gaps for ERP testing due to lack of locally contracted GS resources in the regions ,ERP/ CRM Productive system does not work as expected,limited resources,4,4,16,,,,Mitigate,"31.10.24: Get confirmation for contracted resources (Susanne follow-up with Bettina) > Done
* Initiate GS contracting (done)
* Listed resources required for the various test periods (done)",WS IT leads,27/9/2024,Completed,14.11.24: Stefan Wendschuh (GS) confirmed contract via email 22.11.24,,entered until 9/9/24,25/2/2026,516,Overdue,0,0,0,0,0,
22,,,29/04/2024,Project,major,ScR = Schedule,Existing gaps in ERP replacement solutions -> Es geht hier um die fehlenden. Wie lange dauert das replacement ,,,2,4,8,,,,Mitigate,update SOL with all WPL by Klim,SWS 2,15/9/2024,Completed,"22.10.24: replaced by entry 49
- Inclusion in the next Commercial ERP JF to define the risk more precisely",,entered until 9/9/24,25/2/2026,528,Overdue,0,0,0,0,0,
23,,,29/04/2024,Project,minor,ScR = Schedule,Infrastructure requests are known too late,,,3,2,6,,,,Mitigate,Observe and close alignment with infrastructure team,"IT WS Leads, Sub-WS Leads",12/7/2024,Completed,"23.09.24: replaced by more detailed risks 44-47
 *check with WS 1 whether still valid and assign appropriately
* Inclusion in the next Infra. JF on 09.07.2024 to define the risk more precisely and define a roadmap to Mitigate the risk
* Potential option to integrate in Workshop next week ",,entered until 9/9/24,25/2/2026,593,Overdue,0,0,0,0,0,
24,,Andreas Baumann,29/04/2024,Business,major,RR = Resource,not fully operational IT organization due to hiring gaps,buyer concerns about day 1 readiness > selling price or timing impact; business continuity in danger due critical capability gaps,Staffing gap (70+ vac.); time-cons. process; no time for onboard.; skill gap; ITO progress not as sufficient as planned,4,4,16,,,,Mitigate,"6.3. Hiring of additional resources through external consultants started and in progress 
11.12.24: risk assessment per position, approach curve, 2 headhunters hired
28.11.24: Break out at next onsite WS 4./5.Dec. 
Close alignment with Mgmt team, additional HR support for hiring, critical path; increase ITO rate; set up TSA; focus on highest priority roles (~20 from 70) ",SWS 6,31/3/2025,Completed,"* From NewCo perspective a very high risk, already addressed in BV risk file. From FRAME perspective a low risk.
",,entered until 9/9/24,25/2/2026,331,Overdue,0,0,0,0,0,
25,,,29/04/2024,Project,major,QR = Quality,Common data seperation rules not available,,,3,4,12,,,,Mitigate,"Working group setup. 
KPMG has started and called for everyone to name data owner. ",KPMG,21/7/2024,Completed,"09.10.2024: decision for non-selective data migration approach 
*Confirmed rules are required by 21.07.2024",,entered until 9/9/24,25/2/2026,584,Overdue,0,0,0,0,0,
26,,SWS 1,12.06.2024,Project,minor,CR = Customer Satisfaction,Current Phone numbers are not avalaible at certain locations on day 1,"NewCo has to operate with insufficient business phone availability  (external calls not possible, neither from / to NewCo).",Delayed location information. Migration of phone numbers from current operator to new operator takes typically 4-8 weeks. Phone companies (especially state-owned) not possible to be managed by SWS1,4,2,8,,,,Mitigate,"31.10.24: Plan with alternatives created, is continuously adapted
02.10:2024 Th. Buettner: Risk is very likely to realize at least in part.  Be prepared to suggest alternative solutions",SWS 1,18/10/2024,Completed,"Decision required until E06 if mitigation-strategy 2 is requested / 
otherwise E08.2024

Other Options:
Mitigation strategy 1 (Prefered, where numbers need to be migrated):
- Request of temporary (external) phone numbers to assure availability of external telephonie after cut-off
- Disadvantage: Additional costs

Mitigation strategy 2: 
- Integrate Orange into RB and migrate numbers before cut-off
- Feasibility: To be supported bei UCC --> High efforts without any benefit for Bosch --> Central UCC team may not be willing to support
*Inclusion as a topic in the next JF, as a decision is already overdue here",,entered until 9/9/24,25/2/2026,495,Overdue,0,0,0,0,0,
27,,,18/07/2024,Project,minor,RR = Resource,Double-role of Eva G. (sub-WS3 and PMO) jeopardizing progess of WP1 and WP2 in sub-WS 3,,lack of PMO capacity on BT-side,2,2,4,,,,Avoid,"No more PMO tasks for Eva, pure focus on WP1+WP2",SWS 3,,Completed,,,entered until 9/9/24,25/2/2026,,,0,0,0,0,0,
28,,,05/09/2024,Project,minor,SR = Scope,Application Go live in danger due to missing AZURE set up,"Concepts can not be aligned, target cloud provisioning might get stuck",lack of architecture capability keenfinity,3,3,9,,500 T€,,Mitigate,Akquire interim cloud architect for keenfinity to close governance an knowledge GAP; align hyperscaler-cloud TOM within capG ITO contract,SWS 3,30/10/2024,Completed,consolidated in Risk No. 29,,entered until 9/9/24,25/2/2026,483,Overdue,0,0,0,0,0,
29,,,05/09/2024,Project,major,SR = Scope,"WS 2,3, 4a applications cannot meet Go live timeline due to missing AWS + Azure set up","06.11.24: further delays will cause delay in Go Live of certain applications, which require cloud environment",missing competence + governance for AWS + Azure set up,3,4,12,,500 T€,,Mitigate,"06.11.24: External expert as consultant hired, Daniel (SWS 1) to coordinate btw. stakeholders
06.11.24: Break out Onsite 6/11 for further detailing executed 
22.10.24: Get confirmation for contracted external resources (BGSW and/or freelancer) for provision of AWS and Azure service; WS 1 not in charge for this topic.  
[Akquire interim cloud architect for keenfinity to close governance an knowledge GAP; align hyperscaler-cloud TOM within capG ITO contract]",SWS 1,15/11/2024,Completed,,,entered until 9/9/24,25/2/2026,467,Overdue,0,0,0,0,0,
30,,,09/09/2024,Business,minor,SR = Scope,Insufficient IdM integration scope,"People can not work at day1 - very slow authorizations provisiong, stuck of business operations",Only very few applications (50 out of 500)  are in scope of the implementation contract with KPMG,4,2,8,,,,Mitigate,Review of list of applications > Brigitte Bauer,SWS 8,30/11/2024,Completed,,,entered until 9/9/24,25/2/2026,452,Overdue,0,0,0,0,0,
31,,,09/09/2024,Project,minor,RR = Resource,Onboarding 3rd Party for Migration is not on time,Timeline - at the end affects closing,,2,4,8,,,,Mitigate,Requests other companies for quotations; if only 1-2 offers request exception from the rule,SWS 4a,11/10/2024,Completed,Example: Migration of FOSS ID should be done by FOSS ID - Voting/Exchange very advanced,,entered until 9/9/24,25/2/2026,502,Overdue,0,0,0,0,0,
32,,Onsite 09/24,12/09/2024,Business,minor,BR = Business,Business readiness not given,,,3,3,9,,,,Mitigate,,WS IT leads,,Completed,"too generic, replaced by entry 51",,WS 12/9/24,25/2/2026,,,0,0,0,0,0,
33,,Onsite 09/24,12/09/2024,Project,minor,ScR = Schedule,Go Live cannot be met as dependencies not sufficiently aligned btw. WS ,"IT Go Live timeline cannot be met, at least for certain applications",Each Workstream and Sub-WS is defining their own critical path and timeline. Not all dependencies are being considered and known to others,2,4,8,,,,Avoid,"22.10.24: KPMG take care of detailed implemenation plan together with SWS leads  
10.10.2024: Break out session for dependencies on 16.10. onsite WS
",KPMG,15/11/2024,Completed,"06.11.24: Dashboard presented by KPMG
17.10.24: Break out done + documented",,WS 12/9/24,25/2/2026,467,Overdue,0,0,0,0,0,
34,,,12/09/2024,Project,minor,ScR = Schedule,Legal review of contract with IAM supplier doesn't result in final agreement,,,2,4,8,,,,Mitigate,Intense negotiation with vendor,SWS 8,15/10/2024,Completed,10.10.2024: IAM contract finished,,WS 12/9/24,25/2/2026,498,Overdue,0,0,0,0,0,
35,,,12/09/2024,Project,minor,ScR = Schedule,List of Cost Center not applicable,,,2,2,4,,,,Mitigate,,SWS 8,,Completed,redundant with entry 47,,WS 12/9/24,25/2/2026,,,0,0,0,0,0,
36,,Onsite 09/24,12/09/2024,Business,minor,ScR = Schedule,Relevant IT processes not defined in due time,,,3,3,9,,,,Avoid,,BT/BD-ST,31/1/2025,Completed,,,WS 12/9/24,25/2/2026,390,Overdue,0,0,0,0,0,
37,,,12/09/2024,Project,minor,ScR = Schedule,infrastructure set up in Taipeh not yet evaluated,,,3,3,9,,,,Avoid,10.10.2024: BD colleague identified who will visit in CW 42,SWS 1,17/10/2024,Completed,,,WS 12/9/24,25/2/2026,496,Overdue,0,0,0,0,0,
38,,,12/09/2024,Business,major,QR = Quality,"NewCo organisation not ready (resources, know how)",,,3,4,12,,,,Mitigate,,WS IT leads,,Completed,Closed as not under responsibility of IT WS,,WS 12/9/24,25/2/2026,,,0,0,0,0,0,
39,,,12/09/2024,Project,minor,ScR = Schedule,Data quality / integrity is not sufficient at NewCo ERP/ CRM,"NewCo has to operate with wrong or w/o important historical data, which can affect both business processes and compliance",Capabilities of migration tool (SNP) for CRM data model not clear,2,3,6,,,,Mitigate,"22.01.2025: First TM1 and SIT1 shows a good data quality.Point can be closed.
18.10.24: SNP Tool for Migration in place, waiting for results 
30.8.2024: Emre as new migration lead will support teams to clarify open topics",SWS 2,28/2/2025,Completed,,,WS 12/9/24,25/2/2026,362,Overdue,0,0,0,0,0,
40,,SWS 4b,20/09/2024,Project,minor,BR = Business,Errors in product certificate process (closed loop process),"production stop, delay or double effort",overall owner for product certificates is missing and several parties for product certificates involved,2,3,6,,,,Avoid,"11.3.25: closed as VS contact established working for project; 
08.10.24: BT/MFC-ST to follow up with ETI and VS in order to improve process and force decision to find E2E owner for product certificates",SWS 4b,30/10/2024,Completed,"recommended that E2E owner part of BU; requires support from certificate provider, IT infra (firewall), production IT",,,25/2/2026,483,Overdue,0,0,0,0,0,
41,,SWS 4a,24/09/2024,Project,minor,BR = Business,Usage rights for libraries and licenses of RB not available on day 1,,topic so far not not covered in engeneering area ,3,3,9,,,,Mitigate,"Christoff Ridder from Business has taken over, risk is closed for IT WS
2.10.: List all related licenses and libraries in SOL with RB as licensor (as basis for contract btw. RB & Keenfinity); define responsible person;",SWS 4a,30/10/2024,Completed,,,,25/2/2026,483,Overdue,0,0,0,0,0,
42,,,24/09/2024,Project,minor,RR = Resource,"Absence of Andreas Baur as multiple WS lead could lead to delays in WS 3, 6, 7",no back up in WS 6,,1,3,3,,,,Accept,,WS IT leads,Permanent,Completed,accepted,,,25/2/2026,#VALUE!,#VALUE!,0,0,0,0,0,
43,,,24/09/2024,Project,major,BR = Business,Real Estate IT not available on Day 1,,Missing Real Estate requirements still unknown,3,4,12,,,,Avoid,"02.10:2024 Th. Buettner: Risk will most prob. Realize: Prepare alternative solution 
25.09.2024: final reminder to RE team via escalation of FRAME Project lead",WS IT leads,18/10/2024,Completed,redundant with entry 45,,,25/2/2026,495,Overdue,0,0,0,0,0,
44,,SWS 1,25/09/2024,Project,minor,SR = Scope,WS IT deliverables not available on day 1 due to late arrival of required orders (orders placed too late by BT order team),,missing (skilled) capacity for ordering in project; ,3,3,9,,,,Avoid,"if happens, immediate escalation to Project Leader WS IT",ALL,18/10/2024,Completed,timely review of ordering process for Keenfinity to be considered,,,25/2/2026,495,Overdue,0,0,0,0,0,
45,,SWS 1,25/09/2024,Project,minor,SR = Scope,No local IT Infrastructure (WAN) is available on day 1 in certain locations,,Missing Confirmation of infrastructure-relevant locations incl. Address; Missing detailed location planning by FCM (esp at shared locations),2,4,8,,,,Mitigate,"12.3.25: except Fp, all locations on track or delayed track, but under control 31.10.24: Plan with alternatives created, is continuously adapted
02.10:2024 Th. Buettner: Risk is very likely to realize at least in part.  Be prepared to suggest alternative solutions",SWS 1,31/1/2025,Completed,,,,25/2/2026,390,Overdue,0,0,0,0,0,
46,,SWS 1,25/09/2024,Project,minor,SR = Scope,No local IT Infrastructure (WAN) is available on day 1 in certain locations,,Missing detailed location planning by FCM (esp at shared locations),3,3,9,,,,Mitigate,,SWS 1,18/10/2024,Completed,"consolidated with 45; same risk, just had different root cause",,,25/2/2026,495,Overdue,0,0,0,0,0,
47,,,25/09/2024,Project,minor,SR = Scope,"IT Infrastructure for ""Filesharing"" is not available on day 1",,Missing  reliable FRAME cost center overview ,2,3,6,,,,Mitigate,"10.10.2024: Chris: List is now available, not 100%, but accepted; later rework challenging, but possible 
02.10:2024 Th. Buettner: Risk is very likely to realize at least in part.  Be prepared to suggest alternative solutions",SWS 1,18/10/2024,Completed,,,,25/2/2026,495,Overdue,0,0,0,0,0,
48,,,19/09/2024,Business,minor,LR = Legality,NewCo is underlicensed on Day-1,"- Legal implications
- Unknown cost risk 
- Business continuity risk","Diverse mgmt. of licenses at BT today, complete overview not possible, e.g. missing feedback from organization (BT) on local licenses",2,2,4,,,,Mitigate,"11.3.25: handover of previous RB licenses to Triton; approach rather over-licensed than under; SAP core license purchase managed by PrL
07.11: Guiding principles + responsbilities defined btw. BD, BT (presented 07.11.)
- Close tracking of responsbiles to be implemented
- Timely escalation if required",SWS 7,30/4/2025,Completed,,,,25/2/2026,301,Overdue,0,0,0,0,0,
49,,Michael Schubert,17/10/2024,Project,minor,BR = Business,"APM replacement cannot meet timeline (testing, go live)",- add. effort in business for manual processing ,Complex interfaces for BPO solutions (e.g. APM replacements),3,3,9,,,,Mitigate,"22.01.2025: Additional BD resource allocated to Comarch team. Emre in regular alignment with FI Team (WP7)
06.11.24: Michael to further evaluate + detail",SWS 2,10/2/2025,Completed,,,,25/2/2026,380,Overdue,0,0,0,0,0,
50,,Anton Pfefferseder,07/11/2024,Project,minor,SR = Scope,Cybersecurity for Assets not in place on Day 1,Cyber attacks (ransomware et al) paralyze parts of NewCo and drive up costs and reputation considerably ,"Missing experts at FRAME for defining concept, process and driving implementation",2,4,8,,,,Mitigate,"12.3.: CMDB covered by ServiceNow 21.11.24: schedule break-out for next onsite 
07.11.24: short term mitigation required; 
for Day 1 allocation of responsibility for ITSM in TOM in 3 roles + prioritized recruitment;  ",SWS 8,31/1/2025,Completed,,,,25/2/2026,390,Overdue,0,0,0,0,0,
51,,Frank Streichert,07/11/2024,Business,minor,,"BPO: Business architecture (orga structure, business processes, info flows) not sufficiently defined ",Leads to higher costs in IT and jeopardizes the quality of the BPO,Missing focus / capacity/ resource,3,3,9,,,,Mitigate,see entry 54,WS IT leads,,Completed,,,,25/2/2026,,,0,0,0,0,0,
52,,Frank Streichert,07/11/2024,Project,minor,,BPO: Insufficient specification of data fields/ requirements  ,"Increased costs, quality risks and loss of performance in outsourced business processes",Business process architecture not defined,3,3,9,,,,Mitigate,see entry 54,WS IT leads,,Completed,,,,25/2/2026,,,0,0,0,0,0,
53,,Frank Streichert,07/11/2024,Business,minor,,BPO: Errors in Data migration/ transfer ,"Increased costs, quality risks and loss of performance in outsourced business processes",Insufficient spec. of data fields; Data has to be exported out of RB environment,3,3,9,,,,Mitigate,Extensive testing,SWS 2,13/3/2025,Completed,,,,25/2/2026,349,Overdue,0,0,0,0,0,
54,,Andreas Baur,14/11/2024,Business,major,,"BPO contracting impacting technical implementation: BPO related IT applications not fully operational on Day 1 (like Comarch, S4 public cloud)","Increased costs, quality risks and loss of performance in outsourced business processes",21.11.: Lack of progress and focus of BPO by business departments (e.g. definition of business architecture),4,4,16,,,,Mitigate,"5.3.: tests started 27.2.: Contract with Cap Gem. is signed; Bettina evaluates impact of delay for SWS2
15.1.: Close tracking by PrL, Frank is working on it with full focus 
21.11.24: Urgency is addressed at Business; IT WS provides experts for definition of IT design; ",SWS 2,13/3/2025,Completed,,,,25/2/2026,349,Overdue,0,0,0,0,0,
55,,Andreas Baur,21/11/2024,Business,major,,ITO Service not fully operational on day 1 / proper handover from BD not possible,"Go Live postponement, increased costs, quality risks and loss of performance in IT and business processes","8.1.25: CapG to quit engagement in ITO; 21.11.: Contract negotiations with CapG have stalled, far behind schedule; lack of progress and focus of IT work streams in the ITO transition planning and execution ",3,3,9,,,,Mitigate,"6.3.. contract is closed
30.1.: Contract negotiation ongoing, closing expected latest Feb 5
15.1.: Close tracking by PrL, Frank is working on it with full focus 
28.11.24: Break out at next onsite WS 4./5.Dec. 
21.11.24: Frank to address urgency at KF mgmt. and Cap Gemini",SWS 6,31/3/2025,Completed,,,,25/2/2026,331,Overdue,0,0,0,0,0,
56,,Christian Schygula,28/11/2024,Project,major,,JIRA and Confluence not fully operational on day 1 ,Loss of performance in IT and BU engineering ,Atlassian onPrem VM provisioning delayed,3,4,12,,,,Mitigate,"11.3.: Fully staffed (ITK), but still no owner at BT; Go live end of April w/o buffer; 14.11.:Progress VDI onboarding. Timeline uncertain",SWS 3,31/3/2025,Completed,,,,25/2/2026,331,Overdue,0,0,0,0,0,
57,,Christian Schneider,28/11/2024,Project,major,,IT Infrastructure not available as planned on Feb 28 in Fairport,"Delay impacts timeline of other dependent IT SWS, esp. 4a, and requires workarounds there (see no. 58)",defined purchasing process has led and may continue to lead to delays,5,3,15,,,,Mitigate,"20.3. still at high risk as no room av., Falco on site this week; 27.02.: Hub function Fp has to be substituted by Mu8 , BUs are informed; Client migration for region AMAS gets critical, PrL involved 
15.1.: Multiple escalations done. No further mitigation possible; 
11.12. Escalation to KF mgmt.; close coordination with dependent SWS ",SWS 1,20/3/2025,Completed,,,,25/2/2026,342,Overdue,0,0,0,0,0,
58,,Harald Schoengen,28/11/2024,Project,minor,,"BU relevant IT applications not fully operational on day 1, esp. In Fp",Loss of BU performance ,IT Infrastructure in FP Mu8 + FP not available in Nov. 24 as required ,3,3,9,,,,Mitigate,"12.3.: BU to accept that infra in Mu8 5.2. mentioned mitigation from 10.12. ongoing, on track acc to SWS 1 
10.12.: BU defines minimal hardware set, in order to execute UAT2 in Mu8; pre-req: hardware is available in both loc. latest early March 
",SWS 4a,31/3/2025,Completed,12.3.: closed and consolidated with 57 as this is the root cause,,,25/2/2026,331,Overdue,0,0,0,0,0,
59,,Sinah Schmid,08/01/2025,Business,minor,,Delays in hiring process due to HR Global downtime,,migration of Bosch HR system to cloud ,3,3,9,,,,Mitigate,22.1.: list has been created in which positions can be added that are potentially filled within that timeframe and then further processed. ,SWS 6,22/1/2025,Completed,,,,25/2/2026,399,Overdue,0,0,0,0,0,
60,,Sinah Schmid,08/01/2025,Business,minor,,Potential cost increase in comparison to planned costs (by Roland Berger),,,3,3,9,,,,Mitigate,"6.3. Analysis done, no major cost increase expected
27.2.: Currently working to identify the actual costs to be able to develop a mitigation plan
22.1.: Discussions are currently taking place on the potential overrun and its impact. ",SWS 6,31/3/2025,Completed,,,,25/2/2026,331,Overdue,0,0,0,0,0,
61,,Anton Pfefferseder,08/01/2025,Business,minor,,AD and other on prem applications not connected to IAM on day1,,,3,3,9,,,,Mitigate,Check if temp mirror/dummy AD to do preparation work,SWS 8,30/1/2025,Completed,see entry no. 75,,,25/2/2026,391,Overdue,0,0,0,0,0,
62,,Anton Pfefferseder,08/01/2025,Business,minor,,BCM (Business Continuity Mgmt) responsibility not defined at KF,"e.g. ISO27001 certification could be jeopardized, which could lead to loss of sales and customer trust",,3,3,9,,,,Mitigate,"12.3.: Person committed 19.2.: Person named, in progress 30.1. QMM has been asked to take over, confirmation pending
27.1.: Heiko Zimmermann involved Heiko Bachner for clarification",SWS 8,30/1/2025,Completed,,,,25/2/2026,391,Overdue,0,0,0,0,0,
63,,,23/01/2025,Project,minor,,"""Miro"" cannot be used on Day 1 as today",,Missing owner at KF,3,1,3,,,,Mitigate,Identify new AO at KF,SWS 3,31/1/2025,Completed,27.2.: AO at KF identified,,,25/2/2026,390,Overdue,0,0,0,0,0,
64,,,23/01/2025,Project,minor,,BU relevant licenses do not work / are available on day 1 as required,BUs not fully operational after day 1,"unclear communication, several different lists and high confusion at BU’s and WS’s",3,3,9,,,,Mitigate,"13.3. Triton covers RB licenses, but no guarantee for availab.  5.2. Stefan Elling took over, topic is stabilizing
23.1.: SWS 7 needs to take over central communication directly and work with single point of data (e.g. one list including all, services, tools, BT owned, BD owned, Bosch owned)",SWS 4a,28.02.025,Completed,12.3.: closed and consolidated with no. 48 of SWS 7 ,,,25/2/2026,#VALUE!,#VALUE!,0,0,0,0,0,
65,,,23/01/2025,Business,minor,,Teklynx Printservice will not work after day 1 ,,missing responsibilities,5,1,5,,,,Mitigate,"12.3. KF R&D clariying with BD; dedicated Bosch resources take care, but responsibility at KF still open ",SWS 4a,31/3/2025,Completed,,,,25/2/2026,331,Overdue,0,0,0,0,0,
66,,,30/01/2025,Project,minor,,VM cloning and infrastructure not finished until day 1,Interruption of critical BU processes ,delayed and blocking work enablement (due to RB processes),4,3,12,,,,Mitigate,"20.3.: escalated at BD > 2 BD experts nominated to support;  12.3. BU still have issues, clarify with SWS1; 19.2. Central infra under control, but BU specific still at risk 
30.1.: Escalate fast via SWS 1",SWS 4a,20/3/2025,Completed,,,,25/2/2026,342,Overdue,0,0,0,0,0,
67,,,30/01/2025,Business,major,,Certain IT applications are not managed after Day 1 as there is no application owner at KF,business continuity in danger in certain process areas,certain positions will not be stuffed at Day 1,3,3,9,,,,Mitigate,"6.3. Hiring of additional resources through external consultants started and in progress 
5.2. Adressed to KF CIO
30.1. Escalate to business ","SWS 4a, 6, 3",31/3/2025,Completed,,,,25/2/2026,331,Overdue,0,0,0,0,0,
68,,,06/02/2025,Business,minor,,Long onboarding times of external consultants ,Intensification of the capacity bottlenecks at KF (ID 67) with further negative effects on the business,long processes and lead times when requesting Bosch accounts ,3,2,6,,,,Mitigate,6.2.:  Dedicated person is appointed for onboarding to consult and manage the process for all workstreams,"SWS 4a, 6, 3",14/2/2025,Completed,,,,25/2/2026,376,Overdue,0,0,0,0,0,
69,,,06/02/2025,Business,minor,,Central services not tested in time or sufficiently as BU testing resources do not have the right priority to complete UAT2 for central services,Quality risks and performance losses for the affected central services,business partly sets only priority 3 for tests,3,2,6,,,,Mitigate,"12.3. plans communicated, kick-offs organized, consequences clear; 19.2. in progress 6.2.:Escalate via Jannik Baack to ensure that Engineering leads clarifying the right priority ",SWS 4a,31/3/2025,Completed,,,,25/2/2026,331,Overdue,0,0,0,0,0,
70,,,13/02/2025,Project,minor,,"ERP/ CRM IT components / interfaces are not fully available for SIT2/UAT (SFTP, SMTP, UC4, Talend)","ERP/ CRM Testing cannot be executed as needed, quality risks and performance losses",,3,3,9,,,,Mitigate,"13.2.: daily tracking by Emre with Infrastructure team (Daniel), breakout at onsite 18.2.",SWS 2,21/2/2025,Completed,,,,25/2/2026,369,Overdue,0,0,0,0,0,
71,,,13/02/2025,Project,minor,,"No resource for Talend, which is key component (blocker)",jeopardizes the proper go-live of ERP ,Resource contracting for Talend still open,3,3,9,,,,Mitigate,27.2.: Solved; 13.2.: Emre to provide details to Thomas and Eva to allocate further BD resources asap,SWS 2,14/2/2025,Completed,,,,25/2/2026,376,Overdue,0,0,0,0,0,
72,,,13/02/2025,Project,minor,,"Missing Application owner for SWS3 apps: Operational readiness, AMS",impacts quality and hand over to KF  ,,3,3,9,,,,Mitigate,"11.3. Onboarding of K.H. Jansen started; 13.2. Addressed with PrL -> CIO, to be discussed in next WS",SWS 3,31/3/2025,Completed,addressed since Nov. 2024,,,25/2/2026,331,Overdue,0,0,0,0,0,
73,,,13/02/2025,Project,minor,,Additional Software requirement: Alteryx,,,2,2,4,,,,Mitigate,11.3.: potential scope reduced; search for alternative ongoing; 13.2.: In clarification with Business through A. Baur,SWS 3,31/3/2025,Completed,,,,25/2/2026,331,Overdue,0,0,0,0,0,
74,,,13/02/2025,Project,minor,,Comline prep for KF environm. VM readiness in Neuperlach later then expected,,,5,2,10,,,,Accept,13.2.: Accept: Impact UAT2 likely to move by 1w,SWS 4a,20/2/2025,Completed,,,,25/2/2026,370,Overdue,0,0,0,0,0,
75,,,13/02/2025,Project,minor,,"IAM implementation Saviynt SC2 connector not allowed in Bosch governed IT environment, AD and other on prem application can only be connected 10 days before closing",compliance risk,,3,2,6,,,,Accept,"27.2. Risk is accepted by PrL; 20.2. most topics could be clairified at breakout at onsite 19.2.; 13.2.: SteCo Involved (Decisions, Questions and Escalations)",SWS 8,28/2/2025,Completed,,,,25/2/2026,362,Overdue,0,0,0,0,0,
76,,,19/02/2025,Project,minor,,LDAP potentially not reachable from DMZ ,will cause additional effort for more complex solution,,3,3,9,,,,Mitigate,"12.3.: issue solved; 19.2.: As EPITOP has already 3269 (LDAP connection to Global Catalog over SSL)approved, clarify if access from DMZ is possible",SWS 4a,26/2/2025,Completed,,,,25/2/2026,364,Overdue,0,0,0,0,0,
77,,,19/02/2025,Project,minor,,"SWS4a required licenses not available for project go live, esp. GitHub",jeopardizes the proper go-live of SWS 4a applications,,3,3,9,,,,Mitigate,"12.3. functional trial version in place, after Go live see risk 64; 19.2.: escalate to PrL",SWS 4a,6/3/2025,Completed,,,,25/2/2026,356,Overdue,0,0,0,0,0,
78,,,19/02/2025,Project,minor,,"for SWS 3 KF counterpart missing, no governance responsible for platform applications",jeopardizes the proper go-live and handover of SWS 3 applications,,3,3,9,,,,Mitigate,27.2.: Karl-Heinz Jansen is defined as KF counterpart; 20.2..: Eva and Thomas will discuss with Kristian,SWS 3,28/2/2025,Completed,"now SWS 3 specific, originally entered in entry 67",,,25/2/2026,362,Overdue,0,0,0,0,0,
79,,,06/03/2025,Project,major,,"ERP Go Live in danger due to 9 blocker defects, t/o 5 infrastructure related",,,4,3,12,,,,Mitigate,"6.3.: Mitigations in place (Server availability, Talend etc.), daily tracking between PjM, Infrastructure and Test Management",SWS 2,20/3/2025,Completed,,,,25/2/2026,342,Overdue,0,0,0,0,0,
80,,,06/03/2025,Project,major,,"Test delays in O2C (WP2), S2P (WP5), C2C (WP6), CO (WP8) and BW (WP10)",Quality risks and performance losses for the affected services,delayed and slow FIN test progress (WP7) ,4,2,8,,,,Mitigate,20.3. Close tracking & alignment with business,SWS 2,20/3/2025,Completed,,,,25/2/2026,342,Overdue,0,0,0,0,0,
81,,,11/03/2025,Project,minor,,KF IT environment of the plants could potentially be more vulnerable to cyber attacks or unauthorized access,"production stop, attackers could gain access to sensitive data or install malware","Security gaps can arise when setting up a new IT environment, e.g. due to changed/new processes ",3,2,6,,,,Mitigate,11.3.: Pedro Costa conducts awareness sessions with plant managers and local IT ,SWS 4b,31/3/2025,Completed,,,,25/2/2026,331,Overdue,0,0,0,0,0,
82,,,12/03/2025,Project,minor,,Emerging gaps in the development of the information and cyber security structure for KF,"Increasing risk of cyberattacks and confidential data breaches, could lead to loss of sales & reputation ",CISO position open again,2,4,8,,,,Mitigate,12.3.: Kristian working on hiring,SWS 8,31/3/2025,Completed,,,,25/2/2026,331,Overdue,0,0,0,0,0,
83,,,12/03/2025,Project,minor,,IAM implementation Saviynt can only be connected 2 days before closing,blocking KF operations: no assigment of user permissions in connected applications until Saviynt is up & running,Saviynt SC2 connector not allowed in Bosch governed IT environment,5,1,5,,,,Mitigate,12.3.: Temperary shadow AD for tests,SWS 8,31/3/2025,In progress,,,,25/2/2026,331,Overdue,1,0,0,0,1,
84,,,12/03/2025,Project,major,,Creo Windchill is not completed by network cut-off,BUs cannot use mechnical drawings based on Creo Windchill,"delayed work enablement (due to RB processes), lack of infrastructure for migration",4,3,12,,,,Mitigate,12.3. additional resources in variant aspects; biweekly escalation meeting with supplier,SWS 4a,27/3/2025,Completed,,,,25/2/2026,335,Overdue,0,0,0,0,0,
85,,,12/03/2025,Project,major,,Network cut 3 days before closing is not successful (delayed or faulty) ,Entire KF orga can't continue working until it is solved; interruption of critical business processes ,unforeseen / unforeseeable issues,2,5,10,,,,Mitigate,"1. Everything that can be tested is tested beforehand
2. If failures, rework by Bosch until it’s fixed
3. If a server has been forgotten at Bosch, ad hoc fixing with support of SWS 1
4. Overview with SWS 1 topics that won’t be finished will be handed over to Pierre K.
5. Ensure that representatives from each BU participate in cutover weekend (Pierre K.)
12.3.: break out at next onsite April 8 to discuss mitigations
",SWS 1,19/6/2025,Completed,,,,25/2/2026,251,Overdue,0,0,0,0,0,
86,,,12/03/2025,Project,major,,BPO cannot fully cover the required services / capabilities,Could cause delay of Go live or Closing or interruption of critical business processes ,"heavy delays in testing, delayed contracting",3,5,15,,,,Mitigate,"27.3.: Full focus of FRAME IT to deliver UAT2; Paula to provide decision of business process readiness 20.3.: Frank: no extension of testing planned; FRAME PrL prepares risk release re business processes that will not be ready, e.g. ECM 
12.3.: Emre + Heiko provide details for mgmt",PrL,10/4/2025,Completed,,,,25/2/2026,321,Overdue,0,0,0,0,0,
87,,,20/03/2025,Project,major,,UAT delay on all FIN related topics by CG BPO,Interruption and non-compliance of critical FIN processes ,"delayed and slow FIN test progress, scope dicussions by CG BPO (e-inv IT, CN…) ",4,3,12,,,,Mitigate,"20.3.: Close tracking, management support",SWS 2,10/4/2025,Completed,,,,25/2/2026,321,Overdue,0,0,0,0,0,
88,,,27/03/2025,Project,major,,"KF Employee Email: 
- all associates with having migrated clients (APAC & AMAS) need to set a new password
- Applications including Azure Subscriptions do not work and need to be adjusted and reconfigured
- emails send to @Keenfinity-group.com might be blocked by SPAM filters until the domain is well known (can take up to months)","- complete synchronization of all users  is required
- new e-mail address is not published and well known / verified as “legit”
- negative impact on smooth customer communication","Business Request for a change of the primary E-Mail Domain from “Keenfinity.Tech” to “Keenfinity-group.com” before start of the E-Mail Migration; passwords of users will be synchronized again from BOSCH and be used for logon to keen.tech, including technical users for Applications (e.g. Enterprise Apps) ",3,4,12,,,,Accept,27.3.: full focus on avoiding pwd change,SWS 1,17/4/2025,Completed,,,,25/2/2026,314,Overdue,0,0,0,0,0,
89,,,27/03/2025,Project,major,,Jira & Confluence cannot be tested properly and sufficiently before Go Live ,"In case of faults, interruption of BU and IT processes, causing inefficiencies and manual workload ",delayed provisioning of system setup,3,3,9,,,,Mitigate,,SWS 3,10/4/2025,Completed,,,,25/2/2026,321,Overdue,0,0,0,0,0,
90,,,03/04/2025,Project,minor,,"New AD User, AD groups, AD contacts and mailboxes are on Keenfinity Tenant needed",,,3,3,9,,,,Mitigate,Additional support on Infrastructure side,SWS 2,10/4/2025,Completed,,,,25/2/2026,321,Overdue,0,0,0,0,0,
91,,,03/04/2025,Business,minor,,Jira and confluence version difference Bosch and Keenfinity,,,5,1,5,,,,Accept,,SWS 3,10/4/2025,Completed,,,,25/2/2026,321,Overdue,0,0,0,0,0,
92,,,17/04/2025,Business,minor,,No SC 3 Storage within Keenfinity will be avaialble until Closing,"manual work arounds required, only local storage of SC 3  ",,5,1,5,,,,Accept,,SWS 3,17/4/2025,Completed,,,,25/2/2026,314,Overdue,0,0,0,0,0,
93,,,24/04/2025,Project,minor,,Sign-off from billing forms for new LE through SOPs not supported by FIN organisation,,,4,2,8,,,,Mitigate,Escalation with Mr Notz to be supported by PrL,SWS 2,25/4/2025,Completed,,,,25/2/2026,306,Overdue,0,0,0,0,0,
94,,,24/04/2025,Project,minor,,FIN approval pending,,,3,2,6,,,,Mitigate,Close tracking of open bugs/topics by Sub-WS2 PrL with support from IT PrL,SWS 2,30/4/2025,Completed,,,,25/2/2026,301,Overdue,0,0,0,0,0,
95,,,30/04/2025,Project,minor,,ST4 Servers not available early enough (beginning May) to ensure Go Live of Portal (customer affected),no or outdated product data in Portal and product catalog for customers,,5,2,10,,,,Mitigate,Escalate to SWS1 and get the highest priority for the 4 servers; work with data export from Dev instance,SWS 2,15/5/2025,Completed,,,,25/2/2026,286,Overdue,0,0,0,0,0,
96,,,30/04/2025,Project,minor,,Client migration of BDO people not finished (impact on cutover),,,3,3,9,,,,Mitigate,Escalate to SWS1 and get the highest priority ,SWS 2,30/4/2025,Completed,,,,25/2/2026,301,Overdue,0,0,0,0,0,
97,,,30/04/2025,Project,minor,,Availability of Bitbucket licenses on 05th May 2025,,,3,3,9,,,,Mitigate,Sign Qinshift offer to place order,SWS 7,8/5/2025,Completed,,,,25/2/2026,293,Overdue,0,0,0,0,0,
98,,,30/04/2025,Project,minor,,IAM: define IGA processes and roles still ongoing,,,3,3,9,,,,Mitigate,Requested CISO to support,SWS 8,8/5/2025,Completed,,,,25/2/2026,293,Overdue,0,0,0,0,0,
99,,,14/05/2025,Project,minor,,SW Licenses to be purchased by Triton are not available  in needed scope or on requested date,"Some licenses must be reinstalled by BUs shortly before cut-off. If they are not available in required scope, this can lead to high inefficiency in BU operations and damage to customer reputation. ","Not fully transparent status, as communication only takes place via an Excel list and the purchased license cannot be approved by the BU requester ",2,3,6,,,,Mitigate,Triton confirmed to provide all licenses according to excel list. Deep dives with Triton can be coordinated via PrL; license keys are provided to KF inbox,ALL,19/6/2025,Completed,,,,25/2/2026,251,Overdue,0,0,0,0,0,
100,,,05/06/2025,Business,major,,Hackers are successful with cyber security attacks because KF is not as well protected as Bosch or because employees fall for phishing emails,up to complete downtimes of IT and high financial losses,carved-out companies are the focus of hackers,2,5,10,,,,Mitigate,Trainings and high awareness across FRAME project and KF organisation,KeenIT CiSo,15/6/2025,Completed,,,,25/2/2026,255,Overdue,0,0,0,0,0,
101,,,05/06/2025,Project,minor,,Temporary M365 unavailability for employees due to the M365 migration,temporary inefficiencies in KF operations,,4,1,4,,,,Accept,working with highest prio on M365 migration at SWS 1 team,SWS 1,5/6/2025,Completed,,,,25/2/2026,265,Overdue,0,0,0,0,0,
102,,,06/06/2025,Project,minor,,Availability of VMWare licenses and availability for Artifactory Enterprice X License,temporary high inefficiencies in KF operations,,2,3,6,,,,Mitigate,Provide Broadcom contact to Triton; Dietmar will check with Triton,SWS 7,12/6/2025,Completed,,,,25/2/2026,258,Overdue,0,0,0,0,0,
103,,,,,,,,,,,,,,,,,,,,,,,,25/2/2026,,,0,0,0,0,0,
104,,,,,,,,,,,,,,,,,,,,,,,,25/2/2026,,,0,0,0,0,0,
105,,,,,,,,,,,,,,,,,,,,,,,,25/2/2026,,,0,0,0,0,0,
106,,,,,,,,,,,,,,,,,,,,,,,,25/2/2026,,,0,0,0,0,0,
end,end,end,end,,,end,end,end,end,end,end,end,end,end,end,end,end,end,end,end,end,end,,end,end,end,end,end,end,end,end,end
