CATEGORY,RESOURCE,TOTAL DAYS,TOTAL HRS,HOURLY RATE (EUR),TOTAL COST (EUR)
PROJECT METADATA,,,,
Based on: Bravo_Project_Schedule.csv,,,,
Risk-aligned: Bravo_Risk_Register.xlsx,,,,
Project: Bravo | Seller: Bosch BGSW | Buyer: Tata,,,,
PM: Riyaz Ahmed Syed Ahmed (BD/MIL-PSM4),,,,
Sites: 2 (India) | Users: 70 | Apps: 17 | No ERP | No TSA,,,,
Duration: 01 Apr 2026 – 30 Oct 2026 (7 months),,,,
Budget Baseline: TBC - to be approved at QG0,,,,
,,,,
PROGRAMME MANAGEMENT,,,,
Programme Management,Riyaz Ahmed (BD/MIL-PSM4),85,680,175,119000
PMO Coordination,PMO + Riyaz Ahmed,30,240,100,24000
Steering Committee Facilitation,Riyaz Ahmed,15,120,175,21000
SUBTOTAL - Programme Management,,,1040,,164000
,,,,
IT PROJECT MANAGEMENT,,,,
IT Project Management,BGSW IT PM,85,680,120,81600
Workstream Coordination,WS Leads,40,320,100,32000
SUBTOTAL - IT Project Management,,,1000,,113600
,,,,
INFRASTRUCTURE & CLOUD,,,,
Active Directory Build (JV Forest),BGSW AD Team,15,120,110,13200
M365 Tenant & Azure Setup,BGSW Azure Team,15,120,110,13200
Network Setup (2 India Sites),BGSW Infra,15,120,100,12000
Security & IAM Platform,BGSW CISO,12,96,120,11520
Cloud Environment Configuration,BGSW Cloud Team,10,80,110,8800
SUBTOTAL - Infrastructure & Cloud,,,536,,58720
,,,,
APPLICATION MIGRATION,,,,
Application Deep-Dive & Classification (17 apps),BGSW IT Architects,15,120,110,13200
Application Reconfiguration for JV (17 apps),Dev Teams,20,160,100,16000
Integration & UAT Testing (17 apps),App Teams + Test Team,15,120,90,10800
Data Migration Execution,BGSW IT + Riyaz Ahmed,12,96,100,9600
License & Contract Review (17 apps),BGSW Procurement + IT,12,96,90,8640
SUBTOTAL - Application Migration,,,592,,58240
,,,,
CLIENT WORKPLACE,,,,
Device Inventory & Assessment (70 devices),BGSW IT + Asset Mgmt,5,40,90,3600
Device Reimaging - JV Standard Image (70 devices),BGSW CWP,10,80,90,7200
Help Desk Activation & Training,IT Ops,5,40,90,3600
SUBTOTAL - Client Workplace,,,160,,14400
,,,,
ARCHITECTURE & DESIGN,,,,
As-Is Analysis & Architecture Design,BGSW IT Architects,20,160,120,19200
JV Architecture Workshop Facilitation,BGSW + Tata Architects,5,40,120,4800
Security Architecture Design,BGSW CISO,8,64,120,7680
SUBTOTAL - Architecture & Design,,,264,,31680
,,,,
LEGAL & COMPLIANCE,,,,
JV Legal Entity Setup (India),Legal + Finance,10,80,150,12000
Contract & Data Separation Review,Legal + Riyaz Ahmed,10,80,150,12000
SUBTOTAL - Legal & Compliance,,,160,,24000
,,,,
HR IT,,,,
HR IT Mapping (70 Users),BGSW HR IT,5,40,90,3600
SUBTOTAL - HR IT,,,40,,3600
,,,,
HYPERCARE & CLOSURE,,,,
Hypercare Operations (60 working days),IT Ops + Help Desk,60,480,90,43200
Application Stability Monitoring (17 apps),App Teams + IT Ops,30,240,90,21600
Programme Closure,Riyaz Ahmed + Bosch BD/MIL,15,120,175,21000
SUBTOTAL - Hypercare & Closure,,,840,,85800
,,,,
OVERALL PROJECT TOTAL (LABOUR ONLY),,,4632,,554040
,,,,
COST BREAKDOWN BY CATEGORY,,,,
Programme Management,,,,164000
IT Project Management,,,,113600
Infrastructure & Cloud,,,,58720
Application Migration,,,,58240
Client Workplace,,,,14400
Architecture & Design,,,,31680
Legal & Compliance,,,,24000
HR IT,,,,3600
Hypercare & Closure,,,,85800
TOTAL LABOUR,,,,554040
,,,,
COST BREAKDOWN BY PHASE,,,,
Phase 1 - Initialization (01 Apr – 30 Apr 2026),,,,55000
Phase 2 - Concept and Architecture (01 May – 29 May 2026),,,,110000
Phase 3 - Build and Test (01 Jun – 26 Jun 2026),,,,165000
Phase 4 - Cutover and GoLive (29 Jun – 02 Jul 2026),,,,25000
Phase 5 - Hypercare and Closure (06 Jul – 30 Oct 2026),,,,199040
TOTAL LABOUR,,,,554040
,,,,
CAPEX / ADDITIONAL COSTS (excluded from labour total),,,,
M365/Azure JV Tenant Licensing (<70 users),BGSW Procurement,,,TBC - to be confirmed at QG0
India Cloud Infrastructure (2 sites),BGSW Cloud Team,,,TBC - to be confirmed at QG0
Network Circuit Setup (2 India JV Sites),BGSW Infra,,,TBC - to be confirmed at QG0
Device Hardware Replacement if required (≤70 devices),BGSW CWP,,,TBC - to be confirmed at QG0
Risk Contingency (Risk Register #1 - schedule risk),See Risk Register #1,,,15% of labour = EUR 83106
Risk Contingency (Risk Register #3 - cloud cost overrun),See Risk Register #3,,,EUR 15000 reserved
NOTES,,,,
"All figures are labour-only estimates; hardware, licensing, WAN, and cloud subscription costs are excluded from the labour total.",,,,
"CAPEX items (M365, Azure, networking) to be formally quoted and approved at QG0 SteerCo.",,,,
"Risk contingency lines derived from Bravo_Risk_Register.xlsx: Risk #1 (Amber; P4xI4=16) and Risk #3 (Amber; P3xI3=9).",,,,
"No TSA cost provision required: Bosch-led JV; BGSW services available via normal governance channels post-GoLive.",,,,
"Budget baseline state: TBC - to be approved at QG0 (30 Apr 2026).",,,,
